{
    "Overall Acc": 0.9275693803813445,
    "Mean Acc": 0.7829381116821046,
    "FreqW Acc": 0.8704560293562434,
    "Class Acc": {
        "0": 0.9714658734920198,
        "1": 0.9621637109911928,
        "2": 0.8980603631377623,
        "3": 0.9370587196307371,
        "4": 0.8559460230998561,
        "5": 0.8912922997679582,
        "6": 0.9092943875551379,
        "7": 0.936057412710475,
        "8": 0.9751646422131595,
        "9": 0.48128104820352763,
        "10": 0.7752349586750455,
        "11": 0.6252424645037054,
        "12": 0.9551989419431993,
        "13": 0.90689920831994,
        "14": 0.9400009139989446,
        "15": 0.9257888897984548,
        "16": 0.18033383531188785,
        "17": 0.8507344480400184,
        "18": 0.3395086619743801,
        "19": 0.7762550559394765,
        "20": 0.34871848601731376
    },
    "Mean IoU": 0.6970721591132119,
    "Class IoU": {
        "0": 0.9191924171414655,
        "1": 0.8994678617114815,
        "2": 0.4276628116705814,
        "3": 0.9038422792938973,
        "4": 0.7562167824312063,
        "5": 0.8094692286819904,
        "6": 0.8753430726694806,
        "7": 0.8957068479142078,
        "8": 0.9449426131453749,
        "9": 0.32797630993404997,
        "10": 0.7448644752813456,
        "11": 0.5378078865564101,
        "12": 0.8965145636857673,
        "13": 0.859739203749329,
        "14": 0.8769544651941138,
        "15": 0.8558466828063543,
        "16": 0.17196508812827882,
        "17": 0.6147803444111682,
        "18": 0.3001788434568394,
        "19": 0.6936002416940027,
        "20": 0.32644332182010416
    },
    "0 to 15 mIoU": 0.783221718866691,
    "16 to 20 mIoU": 0.42139356790207866,
    "0 to 15 mAcc": 0.8716343661275698,
    "16 to 20 mAcc": 0.49911009745661533,
    "Ensemble Members": [
        "checkpoints/20260712_e1_1_air_feature_search_trs_decoder_b8224_g1_rhl5_trs/voc/15-5/sequential/step1/final.pth"
    ],
    "Ensemble Size": 1,
    "Ensemble Weights": [
        1.0
    ],
    "Ensemble Mode": "prob",
    "Gating Mode": "none"
}