{
    "Overall Acc": 0.928415799045877,
    "Mean Acc": 0.7853472894425038,
    "FreqW Acc": 0.8718539231510215,
    "Class Acc": {
        "0": 0.9716225894671624,
        "1": 0.9602496786360465,
        "2": 0.9007962885081133,
        "3": 0.9377647170248437,
        "4": 0.8541452650394746,
        "5": 0.8957348147600469,
        "6": 0.916691532616471,
        "7": 0.9376547119127354,
        "8": 0.9758039379562948,
        "9": 0.4804020393260504,
        "10": 0.7793566839097883,
        "11": 0.6277544330265424,
        "12": 0.9564743401079532,
        "13": 0.9084700312714566,
        "14": 0.9378620697681119,
        "15": 0.9272128988930369,
        "16": 0.17707698541130926,
        "17": 0.8460098285985719,
        "18": 0.3516453947646365,
        "19": 0.7760230349626126,
        "20": 0.37354180233132145
    },
    "Mean IoU": 0.7001590118041345,
    "Class IoU": {
        "0": 0.9201051627928727,
        "1": 0.9002394935835974,
        "2": 0.42886812963423016,
        "3": 0.9062074141465721,
        "4": 0.7570030426972095,
        "5": 0.8179609641246176,
        "6": 0.8809155369981811,
        "7": 0.8954472881207242,
        "8": 0.9454026150941849,
        "9": 0.3299452723203147,
        "10": 0.7466539499622139,
        "11": 0.5405877931293636,
        "12": 0.8964809924560058,
        "13": 0.8598628946037298,
        "14": 0.8773495073111042,
        "15": 0.8562376835089824,
        "16": 0.1698839425904674,
        "17": 0.6148856431493445,
        "18": 0.30894020116604015,
        "19": 0.6981127863706529,
        "20": 0.35224893412641817
    },
    "0 to 15 mIoU": 0.784954233780244,
    "16 to 20 mIoU": 0.42881430148058464,
    "0 to 15 mAcc": 0.872999752014008,
    "16 to 20 mAcc": 0.5048594092136903,
    "Ensemble Members": [
        "checkpoints/20260712_e1_1_air_feature_search_trs_decoder_b8224_g1_rhl4_trs/voc/15-5/sequential/step1/final.pth"
    ],
    "Ensemble Size": 1,
    "Ensemble Weights": [
        1.0
    ],
    "Ensemble Mode": "prob",
    "Gating Mode": "none"
}