{
    "Overall Acc": 0.9275111189389396,
    "Mean Acc": 0.7691580022295328,
    "FreqW Acc": 0.8682274457862034,
    "Class Acc": {
        "0": 0.9755516210082815,
        "1": 0.9412350706017961,
        "2": 0.8707246703782026,
        "3": 0.9217464092171515,
        "4": 0.8223283997587784,
        "5": 0.861140061071819,
        "6": 0.9174981198195554,
        "7": 0.9210627923975837,
        "8": 0.9738175511354543,
        "9": 0.438237782464689,
        "10": 0.7918765367494508,
        "11": 0.587896555652821,
        "12": 0.9553844879222737,
        "13": 0.8991357060281496,
        "14": 0.9220315614250708,
        "15": 0.9222558291745657,
        "16": 0.15582384999653107,
        "17": 0.8217005273879835,
        "18": 0.3122165188182388,
        "19": 0.7840147101583427,
        "20": 0.35663928565344893
    },
    "Mean IoU": 0.6967180831838095,
    "Class IoU": {
        "0": 0.915480313099851,
        "1": 0.8952909678495771,
        "2": 0.4185436186491099,
        "3": 0.8916699828316597,
        "4": 0.7407451621219802,
        "5": 0.7977303995369304,
        "6": 0.8945260974864461,
        "7": 0.8845602598668699,
        "8": 0.9443073716471999,
        "9": 0.3300459952502039,
        "10": 0.7678198108415863,
        "11": 0.5233208650220401,
        "12": 0.8995339686829058,
        "13": 0.8445855557816739,
        "14": 0.8688419495154184,
        "15": 0.8514831231251061,
        "16": 0.1531294865839644,
        "17": 0.6507613909625417,
        "18": 0.2892629114875949,
        "19": 0.7298814889690588,
        "20": 0.3395590275482792
    },
    "0 to 15 mIoU": 0.7792803400817849,
    "16 to 20 mIoU": 0.4325188611102878,
    "0 to 15 mAcc": 0.8576201971753526,
    "16 to 20 mAcc": 0.48607897840290903,
    "Ensemble Members": [
        "checkpoints/20260714_e1_1_aspp_buffer_local_seed2_trs_b8240_g1_rhl2_trs/voc/15-5/sequential/step1/final.pth"
    ],
    "Ensemble Size": 1,
    "Ensemble Weights": [
        1.0
    ],
    "Ensemble Mode": "prob",
    "Gating Mode": "none"
}