label	analytic_tail_epsilon	feature_source	buffer	rhl_seed	all_miou	old_0_15_miou	new_16_20_miou	git_dirty	git_commit	result_json
baseline	1e-3	decoder	8224	2	0.5973102849915483	0.6765963319356931	0.3435949347702846	false	e81a5521075a574f10f2981b9081aa89bb97a9de	checkpoints/20260718_clean_e1_1_replay_from_main_gpu2_decoder_b8224_g1_rhl2/voc/15-5/sequential/step1/val_results_20260718_131323.json
current	0	decoder	8224	2	0.5971185670370076	0.6761194528472134	0.34431573244434904	false	5c6cf481d4f7a209729f5dd074a046a60db28630	checkpoints/20260719_clean_e1_2_tail_epsilon_gpu2_decoder_b8224_g1_rhl2_eps0/voc/15-5/sequential/step1/val_results_20260719_183654.json
current	0.0001	decoder	8224	2	0.5971432740069718	0.676173398814938	0.34424687462148035	false	5c6cf481d4f7a209729f5dd074a046a60db28630	checkpoints/20260719_clean_e1_2_tail_epsilon_gpu2_decoder_b8224_g1_rhl2_eps1em4/voc/15-5/sequential/step1/val_results_20260719_212525.json
