{
    "Overall Acc": 0.9282276077523129,
    "Mean Acc": 0.7851637797386998,
    "FreqW Acc": 0.8716818930688962,
    "Class Acc": {
        "0": 0.9714663205668211,
        "1": 0.9603095431680527,
        "2": 0.9000451941736641,
        "3": 0.936749493796045,
        "4": 0.8532392599426754,
        "5": 0.895114087045835,
        "6": 0.9100714894421064,
        "7": 0.9373085213028683,
        "8": 0.9750836789386682,
        "9": 0.4785828814780158,
        "10": 0.7816899425444287,
        "11": 0.6242577503831297,
        "12": 0.954532885015394,
        "13": 0.9059651551622819,
        "14": 0.9411212096518006,
        "15": 0.9263915669610356,
        "16": 0.1870035154117496,
        "17": 0.8506676255541021,
        "18": 0.3645172158310686,
        "19": 0.7808672393652493,
        "20": 0.3534547987777061
    },
    "Mean IoU": 0.6998153385587831,
    "Class IoU": {
        "0": 0.919842378092269,
        "1": 0.8996424478123446,
        "2": 0.4270429650023757,
        "3": 0.9043087515637164,
        "4": 0.7579519977725677,
        "5": 0.8154785462616666,
        "6": 0.8779604084188364,
        "7": 0.8982525233990445,
        "8": 0.9452034718820914,
        "9": 0.3258451087163096,
        "10": 0.7504480197581593,
        "11": 0.5358001576703851,
        "12": 0.8956855857514232,
        "13": 0.8578704963417805,
        "14": 0.8788589575885812,
        "15": 0.8567499356102523,
        "16": 0.1769124178707652,
        "17": 0.6171715939770442,
        "18": 0.31867205697263645,
        "19": 0.6996725423843136,
        "20": 0.33675174688788295
    },
    "0 to 15 mIoU": 0.7841838594776127,
    "16 to 20 mIoU": 0.4298360716185285,
    "0 to 15 mAcc": 0.8719955612233014,
    "16 to 20 mAcc": 0.5073020789879751,
    "Ensemble Members": [
        "checkpoints/20260712_e1_1_air_feature_search_trs_decoder_b8224_g1_rhl2_trs/voc/15-5/sequential/step1/final.pth"
    ],
    "Ensemble Size": 1,
    "Ensemble Weights": [
        1.0
    ],
    "Ensemble Mode": "prob",
    "Gating Mode": "none"
}