{
    "Overall Acc": 0.9272704267908837,
    "Mean Acc": 0.7680198738829218,
    "FreqW Acc": 0.867791606202369,
    "Class Acc": {
        "0": 0.9755387289967368,
        "1": 0.9356668527906844,
        "2": 0.866000344131957,
        "3": 0.9225135862259032,
        "4": 0.8128911939551821,
        "5": 0.8562381075013117,
        "6": 0.911230983117637,
        "7": 0.9219464726720322,
        "8": 0.9730007239068262,
        "9": 0.42786701421541484,
        "10": 0.8029739856913279,
        "11": 0.5915200415875979,
        "12": 0.9550245655934907,
        "13": 0.8982566823588497,
        "14": 0.9210408208400167,
        "15": 0.9212694481585505,
        "16": 0.15909709422279933,
        "17": 0.8184127412199395,
        "18": 0.3058546230362564,
        "19": 0.7911928145654995,
        "20": 0.36088052675334614
    },
    "Mean IoU": 0.6959978359249016,
    "Class IoU": {
        "0": 0.9153016136977471,
        "1": 0.8900908484710635,
        "2": 0.4179695118713976,
        "3": 0.8923878190641681,
        "4": 0.7346928090786308,
        "5": 0.7936823541991431,
        "6": 0.8914653767702133,
        "7": 0.8877740023758142,
        "8": 0.9426521242601829,
        "9": 0.32051377352329785,
        "10": 0.7742766171839481,
        "11": 0.5271047552413214,
        "12": 0.8974557011803578,
        "13": 0.8399021048386532,
        "14": 0.8676956219677033,
        "15": 0.8506142841854789,
        "16": 0.15680439499554186,
        "17": 0.6593175192805802,
        "18": 0.2829377614822932,
        "19": 0.72641197918512,
        "20": 0.3469035815702793
    },
    "0 to 15 mIoU": 0.7777237073693201,
    "16 to 20 mIoU": 0.434475047302763,
    "0 to 15 mAcc": 0.85581122198397,
    "16 to 20 mAcc": 0.48708755995956815,
    "Ensemble Members": [
        "checkpoints/20260712_e1_1_air_feature_search_trs_aspp_b8224_g1_rhl5_trs/voc/15-5/sequential/step1/final.pth"
    ],
    "Ensemble Size": 1,
    "Ensemble Weights": [
        1.0
    ],
    "Ensemble Mode": "prob",
    "Gating Mode": "none"
}