{
    "Overall Acc": 0.9275639378113598,
    "Mean Acc": 0.7680681419503648,
    "FreqW Acc": 0.8682007215114106,
    "Class Acc": {
        "0": 0.9757956913352938,
        "1": 0.9451287141857866,
        "2": 0.8641333178158118,
        "3": 0.9206671905755439,
        "4": 0.8149470003684803,
        "5": 0.847030204922307,
        "6": 0.9171626424450801,
        "7": 0.9190720367088324,
        "8": 0.9726579219573847,
        "9": 0.4268916536729265,
        "10": 0.8156180104412315,
        "11": 0.5890436341354017,
        "12": 0.9557500492872415,
        "13": 0.9000364518639067,
        "14": 0.9182938653841106,
        "15": 0.9213887185332956,
        "16": 0.1627886279588068,
        "17": 0.8197378041469436,
        "18": 0.31563656246258215,
        "19": 0.7837370550618743,
        "20": 0.3439138276948208
    },
    "Mean IoU": 0.6970587466120639,
    "Class IoU": {
        "0": 0.9152964475901275,
        "1": 0.8974904322420072,
        "2": 0.41767390497867585,
        "3": 0.8907620758640996,
        "4": 0.7374688871789771,
        "5": 0.785231575690191,
        "6": 0.8961453337660035,
        "7": 0.8869291634157163,
        "8": 0.9432779798207572,
        "9": 0.3231044237460973,
        "10": 0.7862760230706438,
        "11": 0.5261937931906825,
        "12": 0.8995150098524984,
        "13": 0.838871763368012,
        "14": 0.8638702451548143,
        "15": 0.8514596125378205,
        "16": 0.1593032434081872,
        "17": 0.6753168816073449,
        "18": 0.29151657302087236,
        "19": 0.7234941688506715,
        "20": 0.32903614049914365
    },
    "0 to 15 mIoU": 0.7787229169666953,
    "16 to 20 mIoU": 0.43573340147724393,
    "0 to 15 mAcc": 0.8564760689770397,
    "16 to 20 mAcc": 0.4851627754650055,
    "Ensemble Members": [
        "checkpoints/20260712_e1_1_air_feature_search_trs_aspp_b8224_g1_rhl4_trs/voc/15-5/sequential/step1/final.pth"
    ],
    "Ensemble Size": 1,
    "Ensemble Weights": [
        1.0
    ],
    "Ensemble Mode": "prob",
    "Gating Mode": "none"
}