{
    "Overall Acc": 0.9276195770006711,
    "Mean Acc": 0.7689505174177369,
    "FreqW Acc": 0.8683056997215451,
    "Class Acc": {
        "0": 0.9756509163216638,
        "1": 0.9390750494424057,
        "2": 0.8677745546082938,
        "3": 0.9233995387208281,
        "4": 0.8203284372658899,
        "5": 0.8576882381072491,
        "6": 0.9142399268658126,
        "7": 0.9207793568198559,
        "8": 0.9739219218147108,
        "9": 0.43175149080980163,
        "10": 0.8084310967135296,
        "11": 0.5886253236465471,
        "12": 0.9548453093086222,
        "13": 0.9022006002763675,
        "14": 0.9202593946823098,
        "15": 0.9221834751509699,
        "16": 0.16399197146442832,
        "17": 0.8057961764350936,
        "18": 0.3132825186151197,
        "19": 0.7878210235532255,
        "20": 0.3559145451497528
    },
    "Mean IoU": 0.6978018961666783,
    "Class IoU": {
        "0": 0.915288614700033,
        "1": 0.8934928523251741,
        "2": 0.41836852710719696,
        "3": 0.8927920777276203,
        "4": 0.7408977802968233,
        "5": 0.7945903777795243,
        "6": 0.8927292580078136,
        "7": 0.885617799680808,
        "8": 0.944129526657944,
        "9": 0.32602552840937743,
        "10": 0.7804437232336868,
        "11": 0.5276969354778064,
        "12": 0.8995570992739522,
        "13": 0.8443255870593108,
        "14": 0.8670349922130348,
        "15": 0.8513554791792666,
        "16": 0.16109000692013734,
        "17": 0.661559316029305,
        "18": 0.2895280098319167,
        "19": 0.7274700231944154,
        "20": 0.33984630439509944
    },
    "0 to 15 mIoU": 0.7796466349455857,
    "16 to 20 mIoU": 0.4358987320741748,
    "0 to 15 mAcc": 0.8575721644096785,
    "16 to 20 mAcc": 0.485361247043524,
    "Ensemble Members": [
        "checkpoints/20260712_e1_1_air_feature_search_trs_aspp_b8224_g1_rhl2_trs/voc/15-5/sequential/step1/final.pth"
    ],
    "Ensemble Size": 1,
    "Ensemble Weights": [
        1.0
    ],
    "Ensemble Mode": "prob",
    "Gating Mode": "none"
}