feature_source	buffer	rhl_seed	all_miou	old_0_15_miou	new_16_20_miou	subpath	result_json
aspp	8208	2	0.5886294326927304	0.6667208016594748	0.3387370519991486	20260717_clean_e1_1_replay_v2_gpu2_aspp_b8208_g1_rhl2	checkpoints/20260717_clean_e1_1_replay_v2_gpu2_aspp_b8208_g1_rhl2/voc/15-5/sequential/step1/val_results_20260717_223936.json
aspp	8224	2	0.590665958278934	0.6668923652725585	0.3467414558993356	20260717_clean_e1_1_replay_v2_gpu2_aspp_b8224_g1_rhl2	checkpoints/20260717_clean_e1_1_replay_v2_gpu2_aspp_b8224_g1_rhl2/voc/15-5/sequential/step1/val_results_20260717_141432.json
aspp	8224	4	0.5912872599547668	0.6667273225088683	0.3498790597816418	20260717_clean_e1_1_replay_v2_gpu2_aspp_b8224_g1_rhl4	checkpoints/20260717_clean_e1_1_replay_v2_gpu2_aspp_b8224_g1_rhl4/voc/15-5/sequential/step1/val_results_20260717_170258.json
aspp	8224	5	0.5917895383379471	0.6686178807986447	0.3459388424637151	20260717_clean_e1_1_replay_v2_gpu2_aspp_b8224_g1_rhl5	checkpoints/20260717_clean_e1_1_replay_v2_gpu2_aspp_b8224_g1_rhl5/voc/15-5/sequential/step1/val_results_20260717_195122.json
aspp	8240	2	0.5879328221840725	0.6654073449790854	0.34001434924003104	20260717_clean_e1_1_replay_v2_gpu2_aspp_b8240_g1_rhl2	checkpoints/20260717_clean_e1_1_replay_v2_gpu2_aspp_b8240_g1_rhl2/voc/15-5/sequential/step1/val_results_20260718_012814.json
decoder	8224	2	0.5973183965317614	0.6766059487335154	0.34359822948614827	20260717_clean_e1_1_replay_v2_gpu2_decoder_b8224_g1_rhl2	checkpoints/20260717_clean_e1_1_replay_v2_gpu2_decoder_b8224_g1_rhl2/voc/15-5/sequential/step1/val_results_20260717_054910.json
decoder	8224	4	0.5965775120223501	0.6755903967988679	0.34373628073749346	20260717_clean_e1_1_replay_v2_gpu2_decoder_b8224_g1_rhl4	checkpoints/20260717_clean_e1_1_replay_v2_gpu2_decoder_b8224_g1_rhl4/voc/15-5/sequential/step1/val_results_20260717_083739.json
decoder	8224	5	0.5953760743557985	0.675721075039667	0.3382720721674192	20260717_clean_e1_1_replay_v2_gpu2_decoder_b8224_g1_rhl5	checkpoints/20260717_clean_e1_1_replay_v2_gpu2_decoder_b8224_g1_rhl5/voc/15-5/sequential/step1/val_results_20260717_112608.json
