feature_source	rhl_seed	all_miou	old_0_15_miou	new_16_20_miou	subpath	val_json	git_commit	git_dirty	base_checkpoint_sha256
decoder	2	0.44410433318446335	0.4293790755471117	0.49122515762398855	20260712_e1_1_air_feature_search_trs_decoder_b8224_g1_rhl2_trs	checkpoints/20260712_e1_1_air_feature_search_trs_decoder_b8224_g1_rhl2_trs/voc/15-5/sequential/step1/val_results_20260712_192049.json	2b13e2f6f440a27cdcc769c2ce001aadc0bdd0d3	unknown	fb48c926cde03a35c1daf7ec6b9fe95340e932ddf5c4c2226a9c432f87fa244e
aspp	2	0.45128509941338785	0.4436887556069279	0.47559339959406016	20260712_e1_1_air_feature_search_trs_aspp_b8224_g1_rhl2_trs	checkpoints/20260712_e1_1_air_feature_search_trs_aspp_b8224_g1_rhl2_trs/voc/15-5/sequential/step1/val_results_20260712_222640.json	2b13e2f6f440a27cdcc769c2ce001aadc0bdd0d3	true	fb48c926cde03a35c1daf7ec6b9fe95340e932ddf5c4c2226a9c432f87fa244e
decoder	4	0.4436671978240551	0.42953216039606446	0.48889931759362526	20260712_e1_1_air_feature_search_trs_decoder_b8224_g1_rhl4_trs	checkpoints/20260712_e1_1_air_feature_search_trs_decoder_b8224_g1_rhl4_trs/voc/15-5/sequential/step1/val_results_20260713_013231.json	2b13e2f6f440a27cdcc769c2ce001aadc0bdd0d3	true	fb48c926cde03a35c1daf7ec6b9fe95340e932ddf5c4c2226a9c432f87fa244e
aspp	4	0.4541952147518731	0.44748719648733604	0.4756608731983915	20260712_e1_1_air_feature_search_trs_aspp_b8224_g1_rhl4_trs	checkpoints/20260712_e1_1_air_feature_search_trs_aspp_b8224_g1_rhl4_trs/voc/15-5/sequential/step1/val_results_20260713_200121.json	2b13e2f6f440a27cdcc769c2ce001aadc0bdd0d3	true	fb48c926cde03a35c1daf7ec6b9fe95340e932ddf5c4c2226a9c432f87fa244e
decoder	5	0.4403174932132039	0.4269557546102613	0.48307505674262013	20260712_e1_1_air_feature_search_trs_decoder_b8224_g1_rhl5_trs	checkpoints/20260712_e1_1_air_feature_search_trs_decoder_b8224_g1_rhl5_trs/voc/15-5/sequential/step1/val_results_20260714_062233.json	2b13e2f6f440a27cdcc769c2ce001aadc0bdd0d3	unknown	fb48c926cde03a35c1daf7ec6b9fe95340e932ddf5c4c2226a9c432f87fa244e
aspp	5	0.4537500360821862	0.44632376141390817	0.477514115020676	20260712_e1_1_air_feature_search_trs_aspp_b8224_g1_rhl5_trs	checkpoints/20260712_e1_1_air_feature_search_trs_aspp_b8224_g1_rhl5_trs/voc/15-5/sequential/step1/val_results_20260714_092838.json	2b13e2f6f440a27cdcc769c2ce001aadc0bdd0d3	unknown	fb48c926cde03a35c1daf7ec6b9fe95340e932ddf5c4c2226a9c432f87fa244e
