{
    "Overall Acc": 0.9274060614373368,
    "Mean Acc": 0.7679368123439914,
    "FreqW Acc": 0.8678486455813674,
    "Class Acc": {
        "0": 0.9757843722141866,
        "1": 0.9421314059128356,
        "2": 0.8702870079951063,
        "3": 0.9229973915467377,
        "4": 0.8219520784145237,
        "5": 0.8580782164009101,
        "6": 0.9153970617160538,
        "7": 0.9203442233272877,
        "8": 0.9737636431729645,
        "9": 0.4408469599447752,
        "10": 0.80926744830424,
        "11": 0.5885867211685488,
        "12": 0.955606470750541,
        "13": 0.912977484250206,
        "14": 0.9225002015538584,
        "15": 0.9217713757561998,
        "16": 0.134943099979561,
        "17": 0.802003475967637,
        "18": 0.2878733482061845,
        "19": 0.7801182693772412,
        "20": 0.3694428032642224
    },
    "Mean IoU": 0.6969279320958294,
    "Class IoU": {
        "0": 0.9149373817903785,
        "1": 0.8965707705360558,
        "2": 0.418821226930989,
        "3": 0.8924368333576569,
        "4": 0.7400169741827555,
        "5": 0.7939949567613265,
        "6": 0.8919887362991944,
        "7": 0.8884660011347232,
        "8": 0.9445592437119646,
        "9": 0.3295836606967069,
        "10": 0.7792698711702037,
        "11": 0.5270045479424436,
        "12": 0.8991088049700716,
        "13": 0.8517946339421472,
        "14": 0.8682442254654964,
        "15": 0.8509241259949002,
        "16": 0.13306439134471162,
        "17": 0.6692466878307746,
        "18": 0.26780270055716854,
        "19": 0.7250025247229729,
        "20": 0.3526482746697741
    },
    "0 to 15 mIoU": 0.7804826246804384,
    "16 to 20 mIoU": 0.42955291582508026,
    "0 to 15 mAcc": 0.8595182539018109,
    "16 to 20 mAcc": 0.47487619935896924,
    "Ensemble Members": [
        "checkpoints/20260714_e1_1_aspp_buffer_local_seed2_trs_b8208_g1_rhl2_trs/voc/15-5/sequential/step1/final.pth"
    ],
    "Ensemble Size": 1,
    "Ensemble Weights": [
        1.0
    ],
    "Ensemble Mode": "prob",
    "Gating Mode": "none"
}